"","hromada_name","hromada_name_en"
"1","Агрономічна","Agronomíčna"
"2","Вінницька","Vínnicʹka"
"3","Вороновицька","Voronovicʹka"
"4","Гніванська","Gnívansʹka"
"5","Іллінецька","Íllínecʹka"
"6","Липовецька","Lipovecʹka"
"7","Літинська","Lítinsʹka"
"8","Лука-Мелешківська","Luka-Meleškívsʹka"
"9","Немирівська","Nemirívsʹka"
"10","Оратівська","Oratívsʹka"
"11","Погребищенська","Pogrebiŝensʹka"
"12","Стрижавська","Strižavsʹka"
"13","Сутисківська","Sutiskívsʹka"
"14","Тиврівська","Tivrívsʹka"
"15","Турбівська","Turbívsʹka"
"16","Якушинецька","Âkušinecʹka"
"17","Бершадська","Beršadsʹka"
"18","Гайсинська","Gajsinsʹka"
"19","Дашівська","Dašívsʹka"
"20","Джулинська","Džulinsʹka"
"21","Краснопільська","Krasnopílʹsʹka"
"22","Кунківська","Kunkívsʹka"
"23","Ладижинська","Ladižinsʹka"
"24","Ободівська","Obodívsʹka"
"25","Ольгопільська","Olʹgopílʹsʹka"
"26","Райгородська","Rajgorodsʹka"
"27","Соболівська","Sobolívsʹka"
"28","Теплицька","Teplicʹka"
"29","Тростянецька","Trostânecʹka"
"30","Чечельницька","Čečelʹnicʹka"
"31","Барська","Barsʹka"
"32","Джуринська","Džurinsʹka"
"33","Жмеринська","Žmerinsʹka"
"34","Копайгородська","Kopajgorodsʹka"
"35","Мурафська","Murafsʹka"
"36","Северинівська","Severinívsʹka"
"37","Станіславчицька","Staníslavčicʹka"
"38","Шаргородська","Šargorodsʹka"
"39","Бабчинецька","Babčinecʹka"
"40","Вендичанська","Vendičansʹka"
"41","Могилів-Подільська","Mogilív-Podílʹsʹka"
"42","Мурованокуриловецька","Murovanokurilovecʹka"
"43","Чернівецька","Černívecʹka"
"44","Ямпільська","Âmpílʹsʹka"
"45","Яришівська","Ârišívsʹka"
"46","Брацлавська","Braclavsʹka"
"47","Вапнярська","Vapnârsʹka"
"48","Городківська","Gorodkívsʹka"
"49","Крижопільська","Križopílʹsʹka"
"50","Піщанська","Píŝansʹka"
"51","Студенянська","Studenânsʹka"
"52","Томашпільська","Tomašpílʹsʹka"
"53","Тульчинська","Tulʹčinsʹka"
"54","Шпиківська","Špikívsʹka"
"55","Глуховецька","Gluhovecʹka"
"56","Жданівська","Ždanívsʹka"
"57","Іванівська","Ívanívsʹka"
"58","Калинівська","Kalinívsʹka"
"59","Козятинська","Kozâtinsʹka"
"60","Махнівська","Mahnívsʹka"
"61","Самгородоцька","Samgorodocʹka"
"62","Уланівська","Ulanívsʹka"
"63","Хмільницька","Hmílʹnicʹka"
"64","Володимир-Волинська","Volodimir-Volinsʹka"
"65","Затурцівська","Zaturcívsʹka"
"66","Зимнівська","Zimnívsʹka"
"67","Іваничівська","Ívaničívsʹka"
"68","Литовезька","Litovezʹka"
"69","Локачинська","Lokačinsʹka"
"70","Нововолинська","Novovolinsʹka"
"71","Оваднівська","Ovadnívsʹka"
"72","Павлівська","Pavlívsʹka"
"73","Поромівська","Poromívsʹka"
"74","Устилузька","Ustiluzʹka"
"75","Камінь-Каширська","Kamínʹ-Kaširsʹka"
"76","Любешівська","Lûbešívsʹka"
"77","Маневицька","Manevicʹka"
"78","Прилісненська","Prilísnensʹka"
"79","Сошичненська","Sošičnensʹka"
"80","Велимченська","Velimčensʹka"
"81","Велицька","Velicʹka"
"82","Вишнівська","Višnívsʹka"
"83","Голобська","Golobsʹka"
"84","Головненська","Golovnensʹka"
"85","Дубечненська","Dubečnensʹka"
"86","Дубівська","Dubívsʹka"
"87","Заболоттівська","Zabolottívsʹka"
"88","Забродівська","Zabrodívsʹka"
"89","Ковельська","Kovelʹsʹka"
"90","Колодяжненська","Kolodâžnensʹka"
"91","Луківська","Lukívsʹka"
"92","Люблинецька","Lûblinecʹka"
"93","Любомльська","Lûbomlʹsʹka"
"94","Поворська","Povorsʹka"
"95","Ратнівська","Ratnívsʹka"
"96","Рівненська","Rívnensʹka"
"97","Самарівська","Samarívsʹka"
"98","Сереховичівська","Serehovičívsʹka"
"99","Смідинська","Smídinsʹka"
"100","Старовижівська","Starovižívsʹka"
"101","Турійська","Turíjsʹka"
"102","Шацька","Šacʹka"
"103","Берестечківська","Berestečkívsʹka"
"104","Боратинська","Boratinsʹka"
"105","Городищенська","Gorodiŝensʹka"
"106","Горохівська","Gorohívsʹka"
"107","Доросинівська","Dorosinívsʹka"
"108","Ківерцівська","Kívercívsʹka"
"109","Колківська","Kolkívsʹka"
"110","Копачівська","Kopačívsʹka"
"111","Луцька","Lucʹka"
"112","Мар’янівська","Mar’ânívsʹka"
"113","Олицька","Olicʹka"
"114","Підгайцівська","Pídgajcívsʹka"
"115","Рожищенська","Rožiŝensʹka"
"116","Торчинська","Torčinsʹka"
"117","Цуманська","Cumansʹka"
"118","Дніпровська","Dníprovsʹka"
"119","Китайгородська","Kitajgorodsʹka"
"120","Любимівська","Lûbimívsʹka"
"121","Ляшківська","Lâškívsʹka"
"122","Миколаївська","Mikolaí̈vsʹka"
"123","Могилівська","Mogilívsʹka"
"124","Новоолександрівська","Novooleksandrívsʹka"
"125","Новопокровська","Novopokrovsʹka"
"126","Обухівська","Obuhívsʹka"
"127","Петриківська","Petrikívsʹka"
"128","Підгородненська","Pídgorodnensʹka"
"129","Святовасилівська","Svâtovasilívsʹka"
"130","Слобожанська","Slobožansʹka"
"131","Солонянська","Solonânsʹka"
"132","Сурсько-Литовська","Sursʹko-Litovsʹka"
"133","Царичанська","Caričansʹka"
"134","Чумаківська","Čumakívsʹka"
"135","Божедарівська","Božedarívsʹka"
"136","Верхівцівська","Verhívcívsʹka"
"137","Верхньодніпровська","Verhnʹodníprovsʹka"
"138","Вільногірська","Vílʹnogírsʹka"
"139","Жовтоводська","Žovtovodsʹka"
"140","Затишнянська","Zatišnânsʹka"
"141","Кам’янська","Kam’ânsʹka"
"142","Криничанська","Kriničansʹka"
"143","Лихівська","Lihívsʹka"
"144","П’ятихатська","P’âtihatsʹka"
"145","Саксаганська","Saksagansʹka"
"146","Апостолівська","Apostolívsʹka"
"147","Вакулівська","Vakulívsʹka"
"148","Глеюватська","Gleûvatsʹka"
"149","Гречаноподівська","Grečanopodívsʹka"
"150","Грушівська","Grušívsʹka"
"151","Девладівська","Devladívsʹka"
"152","Зеленодольська","Zelenodolʹsʹka"
"153","Карпівська","Karpívsʹka"
"154","Криворізька","Krivorízʹka"
"155","Лозуватська","Lozuvatsʹka"
"156","Нивотрудівська","Nivotrudívsʹka"
"157","Новолатівська","Novolatívsʹka"
"158","Новопільська","Novopílʹsʹka"
"159","Софіївська","Sofíí̈vsʹka"
"160","Широківська","Širokívsʹka"
"161","Марганецька","Marganecʹka"
"162","Мирівська","Mirívsʹka"
"163","Нікопольська","Níkopolʹsʹka"
"164","Першотравневська","Peršotravnevsʹka"
"165","Покровська","Pokrovsʹka"
"166","Томаківська","Tomakívsʹka"
"167","Червоногригорівська","Červonogrigorívsʹka"
"168","Губиниська","Gubinisʹka"
"169","Личківська","Ličkívsʹka"
"170","Магдалинівська","Magdalinívsʹka"
"171","Новомосковська","Novomoskovsʹka"
"172","Перещепинська","Pereŝepinsʹka"
"173","Черкаська","Čerkasʹka"
"174","Чернеччинська","Černeččinsʹka"
"175","Богданівська","Bogdanívsʹka"
"176","Вербківська","Verbkívsʹka"
"177","Межиріцька","Mežirícʹka"
"178","Павлоградська","Pavlogradsʹka"
"179","Тернівська","Ternívsʹka"
"180","Троїцька","Troí̈cʹka"
"181","Юр’ївська","Ûr’í̈vsʹka"
"182","Брагинівська","Braginívsʹka"
"183","Васильківська","Vasilʹkívsʹka"
"184","Великомихайлівська","Velikomihajlívsʹka"
"185","Дубовиківська","Dubovikívsʹka"
"186","Зайцівська","Zajcívsʹka"
"187","Іларіонівська","Ílaríonívsʹka"
"188","Маломихайлівська","Malomihajlívsʹka"
"189","Межівська","Mežívsʹka"
"190","Новопавлівська","Novopavlívsʹka"
"191","Першотравенська","Peršotravensʹka"
"192","Петропавлівська","Petropavlívsʹka"
"193","Раївська","Raí̈vsʹka"
"194","Роздорська","Rozdorsʹka"
"195","Синельниківська","Sinelʹnikívsʹka"
"196","Славгородська","Slavgorodsʹka"
"197","Слов’янська","Slov’ânsʹka"
"198","Українська","Ukraí̈nsʹka"
"199","Бахмутська","Bahmutsʹka"
"200","Званівська","Zvanívsʹka"
"201","Світлодарська","Svítlodarsʹka"
"202","Сіверська","Síversʹka"
"203","Соледарська","Soledarsʹka"
"204","Торецька","Torecʹka"
"205","Часовоярська","Časovoârsʹka"
"206","Великоновосілківська","Velikonovosílkívsʹka"
"207","Волноваська","Volnovasʹka"
"208","Вугледарська","Vugledarsʹka"
"209","Комарська","Komarsʹka"
"210","Мирненська","Mirnensʹka"
"211","Ольгинська","Olʹginsʹka"
"212","Старомлинівська","Staromlinívsʹka"
"213","Хлібодарівська","Hlíbodarívsʹka"
"214","Вуглегірська","Vuglegírsʹka"
"215","Горлівська","Gorlívsʹka"
"216","Дебальцівська","Debalʹcívsʹka"
"217","Єнакієвська","Ênakíêvsʹka"
"218","Сніжнянська","Snížnânsʹka"
"219","Хрестівська","Hrestívsʹka"
"220","Чистяківська","Čistâkívsʹka"
"221","Шахтарська","Šahtarsʹka"
"222","Амвросіївська","Amvrosíí̈vsʹka"
"223","Донецька","Donecʹka"
"224","Іловайська","Ílovajsʹka"
"225","Макіївська","Makíí̈vsʹka"
"226","Харцизька","Harcizʹka"
"227","Ясинуватська","Âsinuvatsʹka"
"228","Бойківська","Bojkívsʹka"
"229","Докучаєвська","Dokučaêvsʹka"
"230","Кальміуська","Kalʹmíusʹka"
"231","Новоазовська","Novoazovsʹka"
"232","Старобешівська","Starobešívsʹka"
"233","Андріївська","Andríí̈vsʹka"
"234","Дружківська","Družkívsʹka"
"235","Іллінівська","Íllínívsʹka"
"236","Костянтинівська","Kostântinívsʹka"
"237","Краматорська","Kramatorsʹka"
"238","Лиманська","Limansʹka"
"239","Новодонецька","Novodonecʹka"
"240","Олександрівська","Oleksandrívsʹka"
"241","Святогірська","Svâtogírsʹka"
"242","Кальчицька","Kalʹčicʹka"
"243","Мангушська","Mangušsʹka"
"244","Маріупольська","Maríupolʹsʹka"
"245","Нікольська","Níkolʹsʹka"
"246","Сартанська","Sartansʹka"
"247","Авдіївська","Avdíí̈vsʹka"
"248","Білозерська","Bílozersʹka"
"249","Гродівська","Grodívsʹka"
"250","Добропільська","Dobropílʹsʹka"
"251","Курахівська","Kurahívsʹka"
"252","Мар’їнська","Mar’í̈nsʹka"
"253","Мирноградська","Mirnogradsʹka"
"254","Новогродівська","Novogrodívsʹka"
"255","Очеретинська","Očeretinsʹka"
"256","Селидівська","Selidívsʹka"
"257","Удачненська","Udačnensʹka"
"258","Шахівська","Šahívsʹka"
"259","Андрушівська","Andrušívsʹka"
"260","Бердичівська","Berdičívsʹka"
"261","Вчорайшенська","Včorajšensʹka"
"262","Гришковецька","Griškovecʹka"
"263","Райгородоцька","Rajgorodocʹka"
"264","Ружинська","Ružinsʹka"
"265","Семенівська","Semenívsʹka"
"266","Червоненська","Červonensʹka"
"267","Швайківська","Švajkívsʹka"
"268","Андрушківська","Andruškívsʹka"
"269","Березівська","Berezívsʹka"
"270","Брусилівська","Brusilívsʹka"
"271","Високівська","Visokívsʹka"
"272","Вишевицька","Viševicʹka"
"273","Вільшанська","Vílʹšansʹka"
"274","Волицька","Volicʹka"
"275","Глибочицька","Glibočicʹka"
"276","Городоцька","Gorodocʹka"
"277","Житомирська","Žitomirsʹka"
"278","Квітнева","Kvítneva"
"279","Корнинська","Korninsʹka"
"280","Коростишівська","Korostišívsʹka"
"281","Курненська","Kurnensʹka"
"282","Любарська","Lûbarsʹka"
"283","Миропільська","Miropílʹsʹka"
"284","Новоборівська","Novoborívsʹka"
"285","Новогуйвинська","Novogujvinsʹka"
"286","Оліївська","Olíí̈vsʹka"
"287","Попільнянська","Popílʹnânsʹka"
"288","Потіївська","Potíí̈vsʹka"
"289","Пулинська","Pulinsʹka"
"290","Радомишльська","Radomišlʹsʹka"
"291","Романівська","Romanívsʹka"
"292","Станишівська","Stanišívsʹka"
"293","Старосілецька","Starosílecʹka"
"294","Тетерівська","Teterívsʹka"
"295","Харитонівська","Haritonívsʹka"
"296","Хорошівська","Horošívsʹka"
"297","Черняхівська","Černâhívsʹka"
"298","Чуднівська","Čudnívsʹka"
"299","Білокоровицька","Bílokorovicʹka"
"300","Гладковицька","Gladkovicʹka"
"301","Горщиківська","Gorŝikívsʹka"
"302","Іршанська","Íršansʹka"
"303","Коростенська","Korostensʹka"
"304","Лугинська","Luginsʹka"
"305","Малинська","Malinsʹka"
"306","Народицька","Narodicʹka"
"307","Овруцька","Ovrucʹka"
"308","Олевська","Olevsʹka"
"309","Словечанська","Slovečansʹka"
"310","Ушомирська","Ušomirsʹka"
"311","Чоповицька","Čopovicʹka"
"312","Баранівська","Baranívsʹka"
"313","Барашівська","Barašívsʹka"
"314","Брониківська","Bronikívsʹka"
"315","Городницька","Gorodnicʹka"
"316","Довбиська","Dovbisʹka"
"317","Дубрівська","Dubrívsʹka"
"318","Ємільчинська","Êmílʹčinsʹka"
"319","Новоград-Волинська","Novograd-Volinsʹka"
"320","Піщівська","Píŝívsʹka"
"321","Стриївська","Strií̈vsʹka"
"322","Чижівська","Čižívsʹka"
"323","Ярунська","Ârunsʹka"
"324","Батівська","Batívsʹka"
"325","Берегівська","Beregívsʹka"
"326","Великоберезька","Velikoberezʹka"
"327","Великобийганська","Velikobijgansʹka"
"328","Вилоцька","Vilocʹka"
"329","Виноградівська","Vinogradívsʹka"
"330","Королівська","Korolívsʹka"
"331","Косоньська","Kosonʹsʹka"
"332","Пийтерфолвівська","Pijterfolvívsʹka"
"333","Великолучківська","Velikolučkívsʹka"
"334","Верхньокоропецька","Verhnʹokoropecʹka"
"335","Воловецька","Volovecʹka"
"336","Горондівська","Gorondívsʹka"
"337","Жденіївська","Ždeníí̈vsʹka"
"338","Івановецька","Ívanovecʹka"
"339","Кольчинська","Kolʹčinsʹka"
"340","Мукачівська","Mukačívsʹka"
"341","Неліпинська","Nelípinsʹka"
"342","Нижньоворітська","Nižnʹovorítsʹka"
"343","Полянська","Polânsʹka"
"344","Свалявська","Svalâvsʹka"
"345","Чинадіївська","Činadíí̈vsʹka"
"346","Богданська","Bogdansʹka"
"347","Великобичківська","Velikobičkívsʹka"
"348","Рахівська","Rahívsʹka"
"349","Ясінянська","Âsínânsʹka"
"350","Бедевлянська","Bedevlânsʹka"
"351","Буштинська","Buštinsʹka"
"352","Вільховецька","Vílʹhovecʹka"
"353","Нересницька","Neresnicʹka"
"354","Солотвинська","Solotvinsʹka"
"355","Тересвянська","Teresvânsʹka"
"356","Тячівська","Tâčívsʹka"
"357","Углянська","Uglânsʹka"
"358","Усть-Чорнянська","Ustʹ-Čornânsʹka"
"359","Баранинська","Baraninsʹka"
"360","Великоберезнянська","Velikobereznânsʹka"
"361","Великодобронська","Velikodobronsʹka"
"362","Дубриницько-Малоберезнянська","Dubrinicʹko-Malobereznânsʹka"
"363","Костринська","Kostrinsʹka"
"364","Оноківська","Onokívsʹka"
"365","Перечинська","Perečinsʹka"
"366","Середнянська","Serednânsʹka"
"367","Ставненська","Stavnensʹka"
"368","Сюртівська","Sûrtívsʹka"
"369","Тур’є-Реметівська","Tur’ê-Remetívsʹka"
"370","Ужгородська","Užgorodsʹka"
"371","Холмківська","Holmkívsʹka"
"372","Чопська","Čopsʹka"
"373","Білківська","Bílkívsʹka"
"374","Вишківська","Viškívsʹka"
"375","Горінчівська","Gorínčívsʹka"
"376","Довжанська","Dovžansʹka"
"377","Драгівська","Dragívsʹka"
"378","Зарічанська","Zaríčansʹka"
"379","Іршавська","Íršavsʹka"
"380","Керецьківська","Kerecʹkívsʹka"
"381","Колочавська","Koločavsʹka"
"382","Міжгірська","Mížgírsʹka"
"383","Пилипецька","Pilipecʹka"
"384","Синевирська","Sinevirsʹka"
"385","Хустська","Hustsʹka"
"386","Андрівська","Andrívsʹka"
"387","Бердянська","Berdânsʹka"
"388","Берестівська","Berestívsʹka"
"389","Коларівська","Kolarívsʹka"
"390","Осипенківська","Osipenkívsʹka"
"391","Приморська","Primorsʹka"
"392","Чернігівська","Černígívsʹka"
"393","Благовіщенська","Blagovíŝensʹka"
"394","Василівська","Vasilívsʹka"
"395","Великобілозерська","Velikobílozersʹka"
"396","Водянська","Vodânsʹka"
"397","Дніпрорудненська","Dníprorudnensʹka"
"398","Енергодарська","Energodarsʹka"
"399","Кам’янсько-Дніпровська","Kam’ânsʹko-Dníprovsʹka"
"400","Малобілозерська","Malobílozersʹka"
"401","Михайлівська","Mihajlívsʹka"
"402","Роздольська","Rozdolʹsʹka"
"403","Степногірська","Stepnogírsʹka"
"404","Біленьківська","Bílenʹkívsʹka"
"405","Вільнянська","Vílʹnânsʹka"
"406","Долинська","Dolinsʹka"
"407","Запорізька","Zaporízʹka"
"408","Комишуваська","Komišuvasʹka"
"409","Кушугумська","Kušugumsʹka"
"410","Матвіївська","Matvíí̈vsʹka"
"411","Михайло-Лукашівська","Mihajlo-Lukašívsʹka"
"412","Новомиколаївська","Novomikolaí̈vsʹka"
"413","Петро-Михайлівська","Petro-Mihajlívsʹka"
"414","Степненська","Stepnensʹka"
"415","Таврійська","Tavríjsʹka"
"416","Тернуватська","Ternuvatsʹka"
"417","Веселівська","Veselívsʹka"
"418","Кирилівська","Kirilívsʹka"
"419","Мелітопольська","Melítopolʹsʹka"
"420","Новенська","Novensʹka"
"421","Новобогданівська","Novobogdanívsʹka"
"422","Нововасилівська","Novovasilívsʹka"
"423","Новоуспенівська","Novouspenívsʹka"
"424","Плодородненська","Plodorodnensʹka"
"425","Приазовська","Priazovsʹka"
"426","Терпіннівська","Terpínnívsʹka"
"427","Чкаловська","Čkalovsʹka"
"428","Якимівська","Âkimívsʹka"
"429","Більмацька","Bílʹmacʹka"
"430","Воздвижівська","Vozdvižívsʹka"
"431","Воскресенська","Voskresensʹka"
"432","Гуляйпільська","Gulâjpílʹsʹka"
"433","Комиш-Зорянська","Komiš-Zorânsʹka"
"434","Малинівська","Malinívsʹka"
"435","Малотокмачанська","Malotokmačansʹka"
"436","Молочанська","Moločansʹka"
"437","Оріхівська","Oríhívsʹka"
"438","Пологівська","Pologívsʹka"
"439","Преображенська","Preobražensʹka"
"440","Розівська","Rozívsʹka"
"441","Смирновська","Smirnovsʹka"
"442","Токмацька","Tokmacʹka"
"443","Федорівська","Fedorívsʹka"
"444","Білоберізька","Bíloberízʹka"
"445","Верховинська","Verhovinsʹka"
"446","Зеленська","Zelensʹka"
"447","Більшівцівська","Bílʹšívcívsʹka"
"448","Богородчанська","Bogorodčansʹka"
"449","Букачівська","Bukačívsʹka"
"450","Бурштинська","Burštinsʹka"
"451","Галицька","Galicʹka"
"452","Дзвиняцька","Dzvinâcʹka"
"453","Дубовецька","Dubovecʹka"
"454","Єзупільська","Êzupílʹsʹka"
"455","Загвіздянська","Zagvízdânsʹka"
"456","Івано-Франківська","Ívano-Frankívsʹka"
"457","Лисецька","Lisecʹka"
"458","Обертинська","Obertinsʹka"
"459","Олешанська","Olešansʹka"
"460","Рогатинська","Rogatinsʹka"
"461","Старобогородчанська","Starobogorodčansʹka"
"462","Тисменицька","Tismenicʹka"
"463","Тлумацька","Tlumacʹka"
"464","Угринівська","Ugrinívsʹka"
"465","Ямницька","Âmnicʹka"
"466","Болехівська","Bolehívsʹka"
"467","Брошнів-Осадська","Brošnív-Osadsʹka"
"468","Верхнянська","Verhnânsʹka"
"469","Вигодська","Vigodsʹka"
"470","Витвицька","Vitvicʹka"
"471","Войнилівська","Vojnilívsʹka"
"472","Калуська","Kalusʹka"
"473","Новицька","Novicʹka"
"474","Перегінська","Peregínsʹka"
"475","Рожнятівська","Rožnâtívsʹka"
"476","Спаська","Spasʹka"
"477","Гвіздецька","Gvízdecʹka"
"478","Городенківська","Gorodenkívsʹka"
"479","Заболотівська","Zabolotívsʹka"
"480","Коломийська","Kolomijsʹka"
"481","Коршівська","Koršívsʹka"
"482","Матеївецька","Mateí̈vecʹka"
"483","Нижньовербізька","Nižnʹoverbízʹka"
"484","Отинійська","Otiníjsʹka"
"485","Печеніжинська","Pečenížinsʹka"
"486","Підгайчиківська","Pídgajčikívsʹka"
"487","П’ядицька","P’âdicʹka"
"488","Снятинська","Snâtinsʹka"
"489","Чернелицька","Černelicʹka"
"490","Косівська","Kosívsʹka"
"491","Космацька","Kosmacʹka"
"492","Кутська","Kutsʹka"
"493","Рожнівська","Rožnívsʹka"
"494","Яблунівська","Âblunívsʹka"
"495","Ворохтянська","Vorohtânsʹka"
"496","Делятинська","Delâtinsʹka"
"497","Ланчинська","Lančinsʹka"
"498","Надвірнянська","Nadvírnânsʹka"
"499","Пасічнянська","Pasíčnânsʹka"
"500","Переріслянська","Pereríslânsʹka"
"501","Поляницька","Polânicʹka"
"502","Яремчанська","Âremčansʹka"
"503","Білоцерківська","Bílocerkívsʹka"
"504","Володарська","Volodarsʹka"
"505","Гребінківська","Grebínkívsʹka"
"506","Ковалівська","Kovalívsʹka"
"507","Маловільшанська","Malovílʹšansʹka"
"508","Медвинська","Medvinsʹka"
"509","Рокитнянська","Rokitnânsʹka"
"510","Сквирська","Skvirsʹka"
"511","Ставищенська","Staviŝensʹka"
"512","Таращанська","Taraŝansʹka"
"513","Тетіївська","Tetíí̈vsʹka"
"514","Узинська","Uzinsʹka"
"515","Фурсівська","Fursívsʹka"
"516","Бориспільська","Borispílʹsʹka"
"517","Вороньківська","Voronʹkívsʹka"
"518","Гірська","Gírsʹka"
"519","Дівичківська","Dívičkívsʹka"
"520","Золочівська","Zoločívsʹka"
"521","Переяславська","Pereâslavsʹka"
"522","Пристолична","Pristolična"
"523","Студениківська","Studenikívsʹka"
"524","Ташанська","Tašansʹka"
"525","Циблівська","Ciblívsʹka"
"526","Яготинська","Âgotinsʹka"
"527","Баришівська","Barišívsʹka"
"528","Березанська","Berezansʹka"
"529","Броварська","Brovarsʹka"
"530","Великодимерська","Velikodimersʹka"
"531","Зазимська","Zazimsʹka"
"532","Згурівська","Zgurívsʹka"
"533","Калитянська","Kalitânsʹka"
"534","Білогородська","Bílogorodsʹka"
"535","Бородянська","Borodânsʹka"
"536","Борщагівська","Borŝagívsʹka"
"537","Бучанська","Bučansʹka"
"538","Вишнева","Višneva"
"539","Гостомельська","Gostomelʹsʹka"
"540","Дмитрівська","Dmitrívsʹka"
"541","Ірпінська","Írpínsʹka"
"542","Коцюбинська","Kocûbinsʹka"
"543","Макарівська","Makarívsʹka"
"544","Немішаївська","Nemíšaí̈vsʹka"
"545","Пісківська","Pískívsʹka"
"546","Вишгородська","Višgorodsʹka"
"547","Димерська","Dimersʹka"
"548","Іванківська","Ívankívsʹka"
"549","Петрівська","Petrívsʹka"
"550","Пірнівська","Pírnívsʹka"
"551","Поліська","Polísʹka"
"552","Славутицька","Slavuticʹka"
"553","Богуславська","Boguslavsʹka"
"554","Кагарлицька","Kagarlicʹka"
"555","Козинська","Kozinsʹka"
"556","Миронівська","Mironívsʹka"
"557","Ржищівська","Ržiŝívsʹka"
"558","Феодосіївська","Feodosíí̈vsʹka"
"559","Бишівська","Bišívsʹka"
"560","Боярська","Boârsʹka"
"561","Гатненська","Gatnensʹka"
"562","Глевахівська","Glevahívsʹka"
"563","Кожанська","Kožansʹka"
"564","Томашівська","Tomašívsʹka"
"565","Фастівська","Fastívsʹka"
"566","Чабанівська","Čabanívsʹka"
"567","Гайворонська","Gajvoronsʹka"
"568","Голованівська","Golovanívsʹka"
"569","Заваллівська","Zavallívsʹka"
"570","Надлацька","Nadlacʹka"
"571","Новоархангельська","Novoarhangelʹsʹka"
"572","Перегонівська","Peregonívsʹka"
"573","Підвисоцька","Pídvisocʹka"
"574","Побузька","Pobuzʹka"
"575","Аджамська","Adžamsʹka"
"576","Бобринецька","Bobrinecʹka"
"577","Великосеверинівська","Velikoseverinívsʹka"
"578","Гурівська","Gurívsʹka"
"579","Знам’янська","Znam’ânsʹka"
"580","Катеринівська","Katerinívsʹka"
"581","Кетрисанівська","Ketrisanívsʹka"
"582","Компаніївська","Kompaníí̈vsʹka"
"583","Кропивницька","Kropivnicʹka"
"584","Новгородківська","Novgorodkívsʹka"
"585","Первозванівська","Pervozvanívsʹka"
"586","Соколівська","Sokolívsʹka"
"587","Суботцівська","Subotcívsʹka"
"588","Устинівська","Ustinívsʹka"
"589","Ганнівська","Gannívsʹka"
"590","Глодоська","Glodosʹka"
"591","Добровеличківська","Dobroveličkívsʹka"
"592","Злинська","Zlinsʹka"
"593","Маловисківська","Maloviskívsʹka"
"594","Новомиргородська","Novomirgorodsʹka"
"595","Новоукраїнська","Novoukraí̈nsʹka"
"596","Піщанобрідська","Píŝanobrídsʹka"
"597","Помічнянська","Pomíčnânsʹka"
"598","Рівнянська","Rívnânsʹka"
"599","Смолінська","Smolínsʹka"
"600","Тишківська","Tiškívsʹka"
"601","Великоандрусівська","Velikoandrusívsʹka"
"602","Новопразька","Novoprazʹka"
"603","Олександрійська","Oleksandríjsʹka"
"604","Онуфріївська","Onufríí̈vsʹka"
"605","Пантаївська","Pantaí̈vsʹka"
"606","Попельнастівська","Popelʹnastívsʹka"
"607","Приютівська","Priûtívsʹka"
"608","Світловодська","Svítlovodsʹka"
"609","Алчевська","Alčevsʹka"
"610","Зимогір’ївська","Zimogír’í̈vsʹka"
"611","Кадіївська","Kadíí̈vsʹka"
"612","Сорокинська","Sorokinsʹka"
"613","Луганська","Lugansʹka"
"614","Лутугинська","Lutuginsʹka"
"615","Молодогвардійська","Molodogvardíjsʹka"
"616","Антрацитівська","Antracitívsʹka"
"617","Ровеньківська","Rovenʹkívsʹka"
"618","Хрустальненська","Hrustalʹnensʹka"
"619","Білокуракинська","Bílokurakinsʹka"
"620","Коломийчиська","Kolomijčisʹka"
"621","Красноріченська","Krasnoríčensʹka"
"622","Лозно-Олександрівська","Lozno-Oleksandrívsʹka"
"623","Нижньодуванська","Nižnʹoduvansʹka"
"624","Сватівська","Svatívsʹka"
"625","Кремінська","Kremínsʹka"
"626","Лисичанська","Lisičansʹka"
"627","Попаснянська","Popasnânsʹka"
"628","Рубіжанська","Rubížansʹka"
"629","Сєвєродонецька","Sêvêrodonecʹka"
"630","Біловодська","Bílovodsʹka"
"631","Білолуцька","Bílolucʹka"
"632","Марківська","Markívsʹka"
"633","Міловська","Mílovsʹka"
"634","Новопсковська","Novopskovsʹka"
"635","Старобільська","Starobílʹsʹka"
"636","Чмирівська","Čmirívsʹka"
"637","Шульгинська","Šulʹginsʹka"
"638","Нижньотеплівська","Nižnʹoteplívsʹka"
"639","Новоайдарська","Novoajdarsʹka"
"640","Станично-Луганська","Stanično-Lugansʹka"
"641","Щастинська","Ŝastinsʹka"
"642","Бориславська","Borislavsʹka"
"643","Дрогобицька","Drogobicʹka"
"644","Меденицька","Medenicʹka"
"645","Східницька","Shídnicʹka"
"646","Трускавецька","Truskavecʹka"
"647","Бродівська","Brodívsʹka"
"648","Буська","Busʹka"
"649","Заболотцівська","Zabolotcívsʹka"
"650","Красненська","Krasnensʹka"
"651","Підкамінська","Pídkamínsʹka"
"652","Поморянська","Pomorânsʹka"
"653","Бібрська","Bíbrsʹka"
"654","Великолюбінська","Velikolûbínsʹka"
"655","Глинянська","Glinânsʹka"
"656","Давидівська","Davidívsʹka"
"657","Добросинсько-Магерівська","Dobrosinsʹko-Magerívsʹka"
"658","Жовківська","Žovkívsʹka"
"659","Жовтанецька","Žovtanecʹka"
"660","Зимноводівська","Zimnovodívsʹka"
"661","Кам’янка-Бузька","Kam’ânka-Buzʹka"
"662","Комарнівська","Komarnívsʹka"
"663","Куликівська","Kulikívsʹka"
"664","Львівська","Lʹvívsʹka"
"665","Мурованська","Murovansʹka"
"666","Новояричівська","Novoâričívsʹka"
"667","Оброшинська","Obrošinsʹka"
"668","Перемишлянська","Peremišlânsʹka"
"669","Підберізцівська","Pídberízcívsʹka"
"670","Пустомитівська","Pustomitívsʹka"
"671","Рава-Руська","Rava-Rusʹka"
"672","Сокільницька","Sokílʹnicʹka"
"673","Солонківська","Solonkívsʹka"
"674","Щирецька","Ŝirecʹka"
"675","Бісковицька","Bískovicʹka"
"676","Боринська","Borinsʹka"
"677","Добромильська","Dobromilʹsʹka"
"678","Новокалинівська","Novokalinívsʹka"
"679","Ралівська","Ralívsʹka"
"680","Рудківська","Rudkívsʹka"
"681","Самбірська","Sambírsʹka"
"682","Старосамбірська","Starosambírsʹka"
"683","Стрілківська","Strílkívsʹka"
"684","Турківська","Turkívsʹka"
"685","Хирівська","Hirívsʹka"
"686","Гніздичівська","Gnízdičívsʹka"
"687","Грабовецько-Дулібівська","Grabovecʹko-Dulíbívsʹka"
"688","Жидачівська","Židačívsʹka"
"689","Журавненська","Žuravnensʹka"
"690","Козівська","Kozívsʹka"
"691","Моршинська","Moršinsʹka"
"692","Новороздільська","Novorozdílʹsʹka"
"693","Розвадівська","Rozvadívsʹka"
"694","Сколівська","Skolívsʹka"
"695","Славська","Slavsʹka"
"696","Стрийська","Strijsʹka"
"697","Ходорівська","Hodorívsʹka"
"698","Белзька","Belzʹka"
"699","Великомостівська","Velikomostívsʹka"
"700","Добротвірська","Dobrotvírsʹka"
"701","Лопатинська","Lopatinsʹka"
"702","Радехівська","Radehívsʹka"
"703","Сокальська","Sokalʹsʹka"
"704","Червоноградська","Červonogradsʹka"
"705","Мостиська","Mostisʹka"
"706","Новояворівська","Novoâvorívsʹka"
"707","Судововишнянська","Sudovovišnânsʹka"
"708","Шегинівська","Šeginívsʹka"
"709","Яворівська","Âvorívsʹka"
"710","Баштанська","Baštansʹka"
"711","Березнегуватська","Berezneguvatsʹka"
"712","Вільнозапорізька","Vílʹnozaporízʹka"
"713","Володимирівська","Volodimirívsʹka"
"714","Інгульська","Íngulʹsʹka"
"715","Казанківська","Kazankívsʹka"
"716","Новобузька","Novobuzʹka"
"717","Привільненська","Privílʹnensʹka"
"718","Снігурівська","Snígurívsʹka"
"719","Братська","Bratsʹka"
"720","Бузька","Buzʹka"
"721","Веселинівська","Veselinívsʹka"
"722","Вознесенська","Voznesensʹka"
"723","Доманівська","Domanívsʹka"
"724","Дорошівська","Dorošívsʹka"
"725","Єланецька","Êlanecʹka"
"726","Мостівська","Mostívsʹka"
"727","Новомар’ївська","Novomar’í̈vsʹka"
"728","Прибужанівська","Pribužanívsʹka"
"729","Прибузька","Pribuzʹka"
"730","Южноукраїнська","Ûžnoukraí̈nsʹka"
"731","Веснянська","Vesnânsʹka"
"732","Галицинівська","Galicinívsʹka"
"733","Коблівська","Koblívsʹka"
"734","Куцурубська","Kucurubsʹka"
"735","Мішково-Погорілівська","Míškovo-Pogorílívsʹka"
"736","Нечаянська","Nečaânsʹka"
"737","Новоодеська","Novoodesʹka"
"738","Ольшанська","Olʹšansʹka"
"739","Очаківська","Očakívsʹka"
"740","Первомайська","Pervomajsʹka"
"741","Радсадівська","Radsadívsʹka"
"742","Степівська","Stepívsʹka"
"743","Сухоєланецька","Suhoêlanecʹka"
"744","Чорноморська","Čornomorsʹka"
"745","Шевченківська","Ševčenkívsʹka"
"746","Арбузинська","Arbuzinsʹka"
"747","Благодатненська","Blagodatnensʹka"
"748","Врадіївська","Vradíí̈vsʹka"
"749","Кам’яномостівська","Kam’ânomostívsʹka"
"750","Кривоозерська","Krivoozersʹka"
"751","Мигіївська","Migíí̈vsʹka"
"752","Синюхинобрідська","Sinûhinobrídsʹka"
"753","Андрієво-Іванівська","Andríêvo-Ívanívsʹka"
"754","Великобуялицька","Velikobuâlicʹka"
"755","Коноплянська","Konoplânsʹka"
"756","Курісовська","Kurísovsʹka"
"757","Новокальчевська","Novokalʹčevsʹka"
"758","Петровірівська","Petrovírívsʹka"
"759","Раухівська","Rauhívsʹka"
"760","Розквітівська","Rozkvítívsʹka"
"761","Старомаяківська","Staromaâkívsʹka"
"762","Стрюківська","Strûkívsʹka"
"763","Чогодарівська","Čogodarívsʹka"
"764","Ширяївська","Širâí̈vsʹka"
"765","Білгород-Дністровська","Bílgorod-Dnístrovsʹka"
"766","Дивізійська","Divízíjsʹka"
"767","Кароліно-Бугазька","Karolíno-Bugazʹka"
"768","Кулевчанська","Kulevčansʹka"
"769","Маразліївська","Marazlíí̈vsʹka"
"770","Мологівська","Mologívsʹka"
"771","Плахтіївська","Plahtíí̈vsʹka"
"772","Саратська","Saratsʹka"
"773","Сергіївська","Sergíí̈vsʹka"
"774","Старокозацька","Starokozacʹka"
"775","Татарбунарська","Tatarbunarsʹka"
"776","Тузлівська","Tuzlívsʹka"
"777","Успенівська","Uspenívsʹka"
"778","Шабівська","Šabívsʹka"
"779","Арцизька","Arcizʹka"
"780","Болградська","Bolgradsʹka"
"781","Бородінська","Borodínsʹka"
"782","Городненська","Gorodnensʹka"
"783","Криничненська","Kriničnensʹka"
"784","Кубейська","Kubejsʹka"
"785","Тарутинська","Tarutinsʹka"
"786","Вилківська","Vilkívsʹka"
"787","Ізмаїльська","Ízmaí̈lʹsʹka"
"788","Кілійська","Kílíjsʹka"
"789","Ренійська","Reníjsʹka"
"790","Саф’янівська","Saf’ânívsʹka"
"791","Суворовська","Suvorovsʹka"
"792","Авангардівська","Avangardívsʹka"
"793","Біляївська","Bílâí̈vsʹka"
"794","Великодальницька","Velikodalʹnicʹka"
"795","Великодолинська","Velikodolinsʹka"
"796","Вигодянська","Vigodânsʹka"
"797","Визирська","Vizirsʹka"
"798","Дальницька","Dalʹnicʹka"
"799","Дачненська","Dačnensʹka"
"800","Доброславська","Dobroslavsʹka"
"801","Красносільська","Krasnosílʹsʹka"
"802","Маяківська","Maâkívsʹka"
"803","Нерубайська","Nerubajsʹka"
"804","Овідіопольська","Ovídíopolʹsʹka"
"805","Одеська","Odesʹka"
"806","Таїровська","Taí̈rovsʹka"
"807","Теплодарська","Teplodarsʹka"
"808","Усатівська","Usatívsʹka"
"809","Фонтанська","Fontansʹka"
"810","Южненська","Ûžnensʹka"
"811","Яськівська","Âsʹkívsʹka"
"812","Ананьївська","Ananʹí̈vsʹka"
"813","Балтська","Baltsʹka"
"814","Зеленогірська","Zelenogírsʹka"
"815","Кодимська","Kodimsʹka"
"816","Куяльницька","Kuâlʹnicʹka"
"817","Любашівська","Lûbašívsʹka"
"818","Окнянська","Oknânsʹka"
"819","Подільська","Podílʹsʹka"
"820","Савранська","Savransʹka"
"821","Слобідська","Slobídsʹka"
"822","Великоплосківська","Velikoploskívsʹka"
"823","Затишанська","Zatišansʹka"
"824","Захарівська","Zaharívsʹka"
"825","Новоборисівська","Novoborisívsʹka"
"826","Роздільнянська","Rozdílʹnânsʹka"
"827","Степанівська","Stepanívsʹka"
"828","Цебриківська","Cebrikívsʹka"
"829","Глобинська","Globinsʹka"
"830","Горішньоплавнівська","Goríšnʹoplavnívsʹka"
"831","Градизька","Gradizʹka"
"832","Кам’янопотоківська","Kam’ânopotokívsʹka"
"833","Козельщинська","Kozelʹŝinsʹka"
"834","Кременчуцька","Kremenčucʹka"
"835","Новогалещинська","Novogaleŝinsʹka"
"836","Оболонська","Obolonsʹka"
"837","Омельницька","Omelʹnicʹka"
"838","Пришибська","Prišibsʹka"
"839","Лубенська","Lubensʹka"
"840","Новооржицька","Novooržicʹka"
"841","Оржицька","Oržicʹka"
"842","Пирятинська","Pirâtinsʹka"
"843","Хорольська","Horolʹsʹka"
"844","Чорнухинська","Čornuhinsʹka"
"845","Великобагачанська","Velikobagačansʹka"
"846","Великобудищанська","Velikobudiŝansʹka"
"847","Великосорочинська","Velikosoročinsʹka"
"848","Гадяцька","Gadâcʹka"
"849","Гоголівська","Gogolívsʹka"
"850","Заводська","Zavodsʹka"
"851","Комишнянська","Komišnânsʹka"
"852","Краснолуцька","Krasnolucʹka"
"853","Лохвицька","Lohvicʹka"
"854","Лютенська","Lûtensʹka"
"855","Миргородська","Mirgorodsʹka"
"856","Петрівсько-Роменська","Petrívsʹko-Romensʹka"
"857","Ромоданівська","Romodanívsʹka"
"858","Сенчанська","Senčansʹka"
"859","Шишацька","Šišacʹka"
"860","Білицька","Bílicʹka"
"861","Великорублівська","Velikorublívsʹka"
"862","Диканська","Dikansʹka"
"863","Драбинівська","Drabinívsʹka"
"864","Зіньківська","Zínʹkívsʹka"
"865","Карлівська","Karlívsʹka"
"866","Кобеляцька","Kobelâcʹka"
"867","Коломацька","Kolomacʹka"
"868","Котелевська","Kotelevsʹka"
"869","Ланнівська","Lannívsʹka"
"870","Мартинівська","Martinívsʹka"
"871","Мачухівська","Mačuhívsʹka"
"872","Машівська","Mašívsʹka"
"873","Нехворощанська","Nehvoroŝansʹka"
"874","Новосанжарська","Novosanžarsʹka"
"875","Новоселівська","Novoselívsʹka"
"876","Опішнянська","Opíšnânsʹka"
"877","Полтавська","Poltavsʹka"
"878","Решетилівська","Rešetilívsʹka"
"879","Скороходівська","Skorohodívsʹka"
"880","Терешківська","Tereškívsʹka"
"881","Чутівська","Čutívsʹka"
"882","Щербанівська","Ŝerbanívsʹka"
"883","Антонівська","Antonívsʹka"
"884","Вараська","Varasʹka"
"885","Володимирецька","Volodimirecʹka"
"886","Зарічненська","Zaríčnensʹka"
"887","Каноницька","Kanonicʹka"
"888","Локницька","Loknicʹka"
"889","Полицька","Policʹka"
"890","Рафалівська","Rafalívsʹka"
"891","Бокіймівська","Bokíjmívsʹka"
"892","Боремельська","Boremelʹsʹka"
"893","Варковицька","Varkovicʹka"
"894","Вербська","Verbsʹka"
"895","Демидівська","Demidívsʹka"
"896","Дубенська","Dubensʹka"
"897","Крупецька","Krupecʹka"
"898","Мирогощанська","Mirogoŝansʹka"
"899","Млинівська","Mlinívsʹka"
"900","Острожецька","Ostrožecʹka"
"901","Підлозцівська","Pídlozcívsʹka"
"902","Повчанська","Povčansʹka"
"903","Радивилівська","Radivilívsʹka"
"904","Семидубська","Semidubsʹka"
"905","Смизька","Smizʹka"
"906","Тараканівська","Tarakanívsʹka"
"907","Ярославицька","Âroslavicʹka"
"908","Бабинська","Babinsʹka"
"909","Березнівська","Bereznívsʹka"
"910","Білокриницька","Bílokrinicʹka"
"911","Бугринська","Bugrinsʹka"
"912","Великомежиріцька","Velikomežirícʹka"
"913","Великоомелянська","Velikoomelânsʹka"
"914","Головинська","Golovinsʹka"
"915","Гощанська","Goŝansʹka"
"916","Деражненська","Deražnensʹka"
"917","Дядьковицька","Dâdʹkovicʹka"
"918","Здовбицька","Zdovbicʹka"
"919","Здолбунівська","Zdolbunívsʹka"
"920","Зорянська","Zorânsʹka"
"921","Клеванська","Klevansʹka"
"922","Корецька","Korecʹka"
"923","Костопільська","Kostopílʹsʹka"
"924","Малолюбашанська","Malolûbašansʹka"
"925","Мізоцька","Mízocʹka"
"926","Острозька","Ostrozʹka"
"927","Соснівська","Sosnívsʹka"
"928","Шпанівська","Španívsʹka"
"929","Вирівська","Virívsʹka"
"930","Висоцька","Visocʹka"
"931","Дубровицька","Dubrovicʹka"
"932","Клесівська","Klesívsʹka"
"933","Миляцька","Milâcʹka"
"934","Немовицька","Nemovicʹka"
"935","Рокитнівська","Rokitnívsʹka"
"936","Сарненська","Sarnensʹka"
"937","Старосільська","Starosílʹsʹka"
"938","Степанська","Stepansʹka"
"939","Бочечківська","Bočečkívsʹka"
"940","Буринська","Burinsʹka"
"941","Дубов’язівська","Dubov’âzívsʹka"
"942","Конотопська","Konotopsʹka"
"943","Кролевецька","Krolevecʹka"
"944","Новослобідська","Novoslobídsʹka"
"945","Попівська","Popívsʹka"
"946","Путивльська","Putivlʹsʹka"
"947","Боромлянська","Boromlânsʹka"
"948","Великописарівська","Velikopisarívsʹka"
"949","Грунська","Grunsʹka"
"950","Кириківська","Kirikívsʹka"
"951","Комишанська","Komišansʹka"
"952","Охтирська","Ohtirsʹka"
"953","Чупахівська","Čupahívsʹka"
"954","Андріяшівська","Andríâšívsʹka"
"955","Коровинська","Korovinsʹka"
"956","Липоводолинська","Lipovodolinsʹka"
"957","Недригайлівська","Nedrigajlívsʹka"
"958","Роменська","Romensʹka"
"959","Синівська","Sinívsʹka"
"960","Хмелівська","Hmelívsʹka"
"961","Бездрицька","Bezdricʹka"
"962","Білопільська","Bílopílʹsʹka"
"963","Верхньосироватська","Verhnʹosirovatsʹka"
"964","Ворожбянська","Vorožbânsʹka"
"965","Лебединська","Lebedinsʹka"
"966","Нижньосироватська","Nižnʹosirovatsʹka"
"967","Річківська","Ríčkívsʹka"
"968","Садівська","Sadívsʹka"
"969","Сумська","Sumsʹka"
"970","Хотінська","Hotínsʹka"
"971","Юнаківська","Ûnakívsʹka"
"972","Глухівська","Gluhívsʹka"
"973","Дружбівська","Družbívsʹka"
"974","Есманьська","Esmanʹsʹka"
"975","Зноб-Новгородська","Znob-Novgorodsʹka"
"976","Свеська","Svesʹka"
"977","Середино-Будська","Seredino-Budsʹka"
"978","Шалигинська","Šaliginsʹka"
"979","Шосткинська","Šostkinsʹka"
"980","Борсуківська","Borsukívsʹka"
"981","Великодедеркальська","Velikodederkalʹsʹka"
"982","Вишнівецька","Višnívecʹka"
"983","Кременецька","Kremenecʹka"
"984","Лановецька","Lanovecʹka"
"985","Лопушненська","Lopušnensʹka"
"986","Почаївська","Počaí̈vsʹka"
"987","Шумська","Šumsʹka"
"988","Байковецька","Bajkovecʹka"
"989","Бережанська","Berežansʹka"
"990","Білецька","Bílecʹka"
"991","Великоберезовицька","Velikoberezovicʹka"
"992","Великобірківська","Velikobírkívsʹka"
"993","Великогаївська","Velikogaí̈vsʹka"
"994","Залозецька","Zalozecʹka"
"995","Збаразька","Zbarazʹka"
"996","Зборівська","Zborívsʹka"
"997","Золотниківська","Zolotnikívsʹka"
"998","Козлівська","Kozlívsʹka"
"999","Купчинецька","Kupčinecʹka"
"1000","Микулинецька","Mikulinecʹka"
"1001","Нараївська","Naraí̈vsʹka"
"1002","Озернянська","Ozernânsʹka"
"1003","Підволочиська","Pídvoločisʹka"
"1004","Підгаєцька","Pídgaêcʹka"
"1005","Підгороднянська","Pídgorodnânsʹka"
"1006","Саранчуківська","Sarančukívsʹka"
"1007","Скалатська","Skalatsʹka"
"1008","Скориківська","Skorikívsʹka"
"1009","Теребовлянська","Terebovlânsʹka"
"1010","Тернопільська","Ternopílʹsʹka"
"1011","Білобожницька","Bílobožnicʹka"
"1012","Більче-Золотецька","Bílʹče-Zolotecʹka"
"1013","Борщівська","Borŝívsʹka"
"1014","Бучацька","Bučacʹka"
"1015","Васильковецька","Vasilʹkovecʹka"
"1016","Гримайлівська","Grimajlívsʹka"
"1017","Гусятинська","Gusâtinsʹka"
"1018","Заліщицька","Zalíŝicʹka"
"1019","Золотопотіцька","Zolotopotícʹka"
"1020","Іване-Пустенська","Ívane-Pustensʹka"
"1021","Колиндянська","Kolindânsʹka"
"1022","Копичинецька","Kopičinecʹka"
"1023","Коропецька","Koropecʹka"
"1024","Мельнице-Подільська","Melʹnice-Podílʹsʹka"
"1025","Монастириська","Monastirisʹka"
"1026","Нагірянська","Nagírânsʹka"
"1027","Скала-Подільська","Skala-Podílʹsʹka"
"1028","Товстенська","Tovstensʹka"
"1029","Трибухівська","Tribuhívsʹka"
"1030","Хоростківська","Horostkívsʹka"
"1031","Чортківська","Čortkívsʹka"
"1032","Богодухівська","Bogoduhívsʹka"
"1033","Валківська","Valkívsʹka"
"1034","Краснокутська","Krasnokutsʹka"
"1035","Балаклійська","Balaklíjsʹka"
"1036","Барвінківська","Barvínkívsʹka"
"1037","Борівська","Borívsʹka"
"1038","Ізюмська","Ízûmsʹka"
"1039","Куньєвська","Kunʹêvsʹka"
"1040","Оскільська","Oskílʹsʹka"
"1041","Савинська","Savinsʹka"
"1042","Зачепилівська","Začepilívsʹka"
"1043","Кегичівська","Kegičívsʹka"
"1044","Красноградська","Krasnogradsʹka"
"1045","Наталинська","Natalinsʹka"
"1046","Сахновщинська","Sahnovŝinsʹka"
"1047","Старовірівська","Starovírívsʹka"
"1048","Великобурлуцька","Velikoburlucʹka"
"1049","Вільхуватська","Vílʹhuvatsʹka"
"1050","Дворічанська","Dvoríčansʹka"
"1051","Кіндрашівська","Kíndrašívsʹka"
"1052","Куп’янська","Kup’ânsʹka"
"1053","Курилівська","Kurilívsʹka"
"1054","Близнюківська","Bliznûkívsʹka"
"1055","Лозівська","Lozívsʹka"
"1056","Олексіївська","Oleksíí̈vsʹka"
"1057","Безлюдівська","Bezlûdívsʹka"
"1058","Височанська","Visočansʹka"
"1059","Вільхівська","Vílʹhívsʹka"
"1060","Дергачівська","Dergačívsʹka"
"1061","Липецька","Lipecʹka"
"1062","Люботинська","Lûbotinsʹka"
"1063","Малоданилівська","Malodanilívsʹka"
"1064","Мереф’янська","Meref’ânsʹka"
"1065","Нововодолазька","Novovodolazʹka"
"1066","Південноміська","Pívdennomísʹka"
"1067","Пісочинська","Písočinsʹka"
"1068","Роганська","Rogansʹka"
"1069","Солоницівська","Solonicívsʹka"
"1070","Харківська","Harkívsʹka"
"1071","Циркунівська","Cirkunívsʹka"
"1072","Вовчанська","Vovčansʹka"
"1073","Зміївська","Zmíí̈vsʹka"
"1074","Печенізька","Pečenízʹka"
"1075","Старосалтівська","Starosaltívsʹka"
"1076","Чугуївська","Čuguí̈vsʹka"
"1077","Бериславська","Berislavsʹka"
"1078","Борозенська","Borozensʹka"
"1079","Великоолександрівська","Velikooleksandrívsʹka"
"1080","Високопільська","Visokopílʹsʹka"
"1081","Кочубеївська","Kočubeí̈vsʹka"
"1082","Милівська","Milívsʹka"
"1083","Нововоронцовська","Novovoroncovsʹka"
"1084","Новорайська","Novorajsʹka"
"1085","Тягинська","Tâginsʹka"
"1086","Генічеська","Geníčesʹka"
"1087","Нижньосірогозька","Nižnʹosírogozʹka"
"1088","Новотроїцька","Novotroí̈cʹka"
"1089","Асканія-Нова","Askaníâ-Nova"
"1090","Великолепетиська","Velikolepetisʹka"
"1091","Верхньорогачицька","Verhnʹorogačicʹka"
"1092","Горностаївська","Gornostaí̈vsʹka"
"1093","Зеленопідська","Zelenopídsʹka"
"1094","Каховська","Kahovsʹka"
"1095","Новокаховська","Novokahovsʹka"
"1096","Присиваська","Prisivasʹka"
"1097","Рубанівська","Rubanívsʹka"
"1098","Тавричанська","Tavričansʹka"
"1099","Чаплинська","Čaplinsʹka"
"1100","Бехтерська","Behtersʹka"
"1101","Голопристанська","Golopristansʹka"
"1102","Долматівська","Dolmatívsʹka"
"1103","Каланчацька","Kalančacʹka"
"1104","Лазурненська","Lazurnensʹka"
"1105","Скадовська","Skadovsʹka"
"1106","Чулаківська","Čulakívsʹka"
"1107","Великокопанівська","Velikokopanívsʹka"
"1108","Дар’ївська","Dar’í̈vsʹka"
"1109","Музиківська","Muzikívsʹka"
"1110","Олешківська","Oleškívsʹka"
"1111","Станіславська","Staníslavsʹka"
"1112","Херсонська","Hersonsʹka"
"1113","Чорнобаївська","Čornobaí̈vsʹka"
"1114","Ювілейна","Ûvílejna"
"1115","Гуківська","Gukívsʹka"
"1116","Гуменецька","Gumenecʹka"
"1117","Дунаєвецька","Dunaêvecʹka"
"1118","Жванецька","Žvanecʹka"
"1119","Закупненська","Zakupnensʹka"
"1120","Кам’янець-Подільська","Kam’ânecʹ-Podílʹsʹka"
"1121","Маківська","Makívsʹka"
"1122","Новодунаєвецька","Novodunaêvecʹka"
"1123","Новоушицька","Novoušicʹka"
"1124","Орининська","Orininsʹka"
"1125","Слобідсько-Кульчієвецька","Slobídsʹko-Kulʹčíêvecʹka"
"1126","Смотрицька","Smotricʹka"
"1127","Староушицька","Staroušicʹka"
"1128","Чемеровецька","Čemerovecʹka"
"1129","Антонінська","Antonínsʹka"
"1130","Вiйтовецька","Vijtovecʹka"
"1131","Віньковецька","Vínʹkovecʹka"
"1132","Вовковинецька","Vovkovinecʹka"
"1133","Волочиська","Voločisʹka"
"1134","Гвардійська","Gvardíjsʹka"
"1135","Деражнянська","Deražnânsʹka"
"1136","Заслучненська","Zaslučnensʹka"
"1137","Красилівська","Krasilívsʹka"
"1138","Летичівська","Letičívsʹka"
"1139","Лісовогринівецька","Lísovogrinívecʹka"
"1140","Меджибізька","Medžibízʹka"
"1141","Миролюбненська","Mirolûbnensʹka"
"1142","Наркевицька","Narkevicʹka"
"1143","Розсошанська","Rozsošansʹka"
"1144","Сатанівська","Satanívsʹka"
"1145","Солобковецька","Solobkovecʹka"
"1146","Старокостянтинівська","Starokostântinívsʹka"
"1147","Староостропільська","Staroostropílʹsʹka"
"1148","Старосинявська","Starosinâvsʹka"
"1149","Теофіпольська","Teofípolʹsʹka"
"1150","Хмельницька","Hmelʹnicʹka"
"1151","Чорноострівська","Čornoostrívsʹka"
"1152","Щиборівська","Ŝiborívsʹka"
"1153","Ярмолинецька","Ârmolinecʹka"
"1154","Берездівська","Berezdívsʹka"
"1155","Білогірська","Bílogírsʹka"
"1156","Ганнопільська","Gannopílʹsʹka"
"1157","Грицівська","Gricívsʹka"
"1158","Ізяславська","Ízâslavsʹka"
"1159","Ленковецька","Lenkovecʹka"
"1160","Михайлюцька","Mihajlûcʹka"
"1161","Нетішинська","Netíšinsʹka"
"1162","Плужненська","Plužnensʹka"
"1163","Полонська","Polonsʹka"
"1164","Понінківська","Ponínkívsʹka"
"1165","Сахновецька","Sahnovecʹka"
"1166","Славутська","Slavutsʹka"
"1167","Судилківська","Sudilkívsʹka"
"1168","Улашанівська","Ulašanívsʹka"
"1169","Шепетівська","Šepetívsʹka"
"1170","Бужанська","Bužansʹka"
"1171","Ватутінська","Vatutínsʹka"
"1172","Виноградська","Vinogradsʹka"
"1173","Водяницька","Vodânicʹka"
"1174","Єрківська","Êrkívsʹka"
"1175","Звенигородська","Zvenigorodsʹka"
"1176","Катеринопільська","Katerinopílʹsʹka"
"1177","Лип’янська","Lip’ânsʹka"
"1178","Лисянська","Lisânsʹka"
"1179","Матусівська","Matusívsʹka"
"1180","Мокрокалигірська","Mokrokaligírsʹka"
"1181","Селищенська","Seliŝensʹka"
"1182","Стеблівська","Steblívsʹka"
"1183","Тальнівська","Talʹnívsʹka"
"1184","Шполянська","Špolânsʹka"
"1185","Великохутірська","Velikohutírsʹka"
"1186","Гельмязівська","Gelʹmâzívsʹka"
"1187","Драбівська","Drabívsʹka"
"1188","Золотоніська","Zolotonísʹka"
"1189","Зорівська","Zorívsʹka"
"1190","Іркліївська","Írklíí̈vsʹka"
"1191","Новодмитрівська","Novodmitrívsʹka"
"1192","Шрамківська","Šramkívsʹka"
"1193","Бабанська","Babansʹka"
"1194","Баштечківська","Baštečkívsʹka"
"1195","Буцька","Bucʹka"
"1196","Дмитрушківська","Dmitruškívsʹka"
"1197","Жашківська","Žaškívsʹka"
"1198","Іваньківська","Ívanʹkívsʹka"
"1199","Маньківська","Manʹkívsʹka"
"1200","Монастирищенська","Monastiriŝensʹka"
"1201","Паланська","Palansʹka"
"1202","Уманська","Umansʹka"
"1203","Христинівська","Hristinívsʹka"
"1204","Балаклеївська","Balakleí̈vsʹka"
"1205","Березняківська","Bereznâkívsʹka"
"1206","Білозірська","Bílozírsʹka"
"1207","Бобрицька","Bobricʹka"
"1208","Будищенська","Budiŝensʹka"
"1209","Канівська","Kanívsʹka"
"1210","Корсунь-Шевченківська","Korsunʹ-Ševčenkívsʹka"
"1211","Леськівська","Lesʹkívsʹka"
"1212","Ліплявська","Líplâvsʹka"
"1213","Медведівська","Medvedívsʹka"
"1214","Мліївська","Mlíí̈vsʹka"
"1215","Мошнівська","Mošnívsʹka"
"1216","Набутівська","Nabutívsʹka"
"1217","Ротмістрівська","Rotmístrívsʹka"
"1218","Руськополянська","Rusʹkopolânsʹka"
"1219","Сагунівська","Sagunívsʹka"
"1220","Смілянська","Smílânsʹka"
"1221","Степанецька","Stepanecʹka"
"1222","Степанківська","Stepankívsʹka"
"1223","Червонослобідська","Červonoslobídsʹka"
"1224","Чигиринська","Čigirinsʹka"
"1225","Банилівська","Banilívsʹka"
"1226","Берегометська","Beregometsʹka"
"1227","Брусницька","Brusnicʹka"
"1228","Вашківецька","Vaškívecʹka"
"1229","Вижницька","Vižnicʹka"
"1230","Конятинська","Konâtinsʹka"
"1231","Путильська","Putilʹsʹka"
"1232","Селятинська","Selâtinsʹka"
"1233","Усть-Путильська","Ustʹ-Putilʹsʹka"
"1234","Вашковецька","Vaškovecʹka"
"1235","Кельменецька","Kelʹmenecʹka"
"1236","Клішковецька","Klíškovecʹka"
"1237","Лівинецька","Lívinecʹka"
"1238","Мамалигівська","Mamaligívsʹka"
"1239","Недобоївська","Nedoboí̈vsʹka"
"1240","Новодністровська","Novodnístrovsʹka"
"1241","Рукшинська","Rukšinsʹka"
"1242","Сокирянська","Sokirânsʹka"
"1243","Хотинська","Hotinsʹka"
"1244","Боянська","Boânsʹka"
"1245","Ванчиковецька","Vančikovecʹka"
"1246","Великокучурівська","Velikokučurívsʹka"
"1247","Веренчанська","Verenčansʹka"
"1248","Вікнянська","Víknânsʹka"
"1249","Волоківська","Volokívsʹka"
"1250","Герцаївська","Gercaí̈vsʹka"
"1251","Глибоцька","Glibocʹka"
"1252","Горішньошеровецька","Goríšnʹošerovecʹka"
"1253","Заставнівська","Zastavnívsʹka"
"1254","Кадубовецька","Kadubovecʹka"
"1255","Кам’янецька","Kam’ânecʹka"
"1256","Карапчівська","Karapčívsʹka"
"1257","Кіцманська","Kícmansʹka"
"1258","Кострижівська","Kostrižívsʹka"
"1259","Красноїльська","Krasnoí̈lʹsʹka"
"1260","Магальська","Magalʹsʹka"
"1261","Мамаївська","Mamaí̈vsʹka"
"1262","Неполоковецька","Nepolokovecʹka"
"1263","Новоселицька","Novoselicʹka"
"1264","Острицька","Ostricʹka"
"1265","Петровецька","Petrovecʹka"
"1266","Ставчанська","Stavčansʹka"
"1267","Сторожинецька","Storožinecʹka"
"1268","Сучевенська","Sučevensʹka"
"1269","Тарашанська","Tarašansʹka"
"1270","Тереблеченська","Tereblečensʹka"
"1271","Топорівська","Toporívsʹka"
"1272","Чагорська","Čagorsʹka"
"1273","Чудейська","Čudejsʹka"
"1274","Юрковецька","Ûrkovecʹka"
"1275","Корюківська","Korûkívsʹka"
"1276","Менська","Mensʹka"
"1277","Сновська","Snovsʹka"
"1278","Сосницька","Sosnicʹka"
"1279","Холминська","Holminsʹka"
"1280","Батуринська","Baturinsʹka"
"1281","Бахмацька","Bahmacʹka"
"1282","Бобровицька","Bobrovicʹka"
"1283","Борзнянська","Borznânsʹka"
"1284","Вертіївська","Vertíí̈vsʹka"
"1285","Комарівська","Komarívsʹka"
"1286","Крутівська","Krutívsʹka"
"1287","Лосинівська","Losinívsʹka"
"1288","Мринська","Mrinsʹka"
"1289","Ніжинська","Nížinsʹka"
"1290","Новобасанська","Novobasansʹka"
"1291","Носівська","Nosívsʹka"
"1292","Плисківська","Pliskívsʹka"
"1293","Талалаївська","Talalaí̈vsʹka"
"1294","Коропська","Koropsʹka"
"1295","Новгород-Сіверська","Novgorod-Síversʹka"
"1296","Понорницька","Ponornicʹka"
"1297","Варвинська","Varvinsʹka"
"1298","Ічнянська","Íčnânsʹka"
"1299","Ладанська","Ladansʹka"
"1300","Линовицька","Linovicʹka"
"1301","Малодівицька","Malodívicʹka"
"1302","Парафіївська","Parafíí̈vsʹka"
"1303","Прилуцька","Prilucʹka"
"1304","Срібнянська","Sríbnânsʹka"
"1305","Сухополов’янська","Suhopolov’ânsʹka"
"1306","Березнянська","Bereznânsʹka"
"1307","Гончарівська","Gončarívsʹka"
"1308","Городнянська","Gorodnânsʹka"
"1309","Деснянська","Desnânsʹka"
"1310","Добрянська","Dobrânsʹka"
"1311","Киїнська","Kií̈nsʹka"
"1312","Киселівська","Kiselívsʹka"
"1313","Кіптівська","Kíptívsʹka"
"1314","Козелецька","Kozelecʹka"
"1315","Любецька","Lûbecʹka"
"1316","Михайло-Коцюбинська","Mihajlo-Kocûbinsʹka"
"1317","Новобілоуська","Novobílousʹka"
"1318","Олишівська","Olišívsʹka"
"1319","Остерська","Ostersʹka"
"1320","Ріпкинська","Rípkinsʹka"
"1321","Седнівська","Sednívsʹka"
"1322","Тупичівська","Tupičívsʹka"
